{
    "all_K_atomic": [
        27.31303134856705,
        26.630749568724006,
        25.241857350179984,
        25.341435477978365,
        25.330630459129768,
        22.234963933868304,
        21.408802309233483,
        21.662648166546294,
        21.991070242412516,
        13.961902630871599
    ],
    "all_E_atomic": [
        [
            35.9603528298632,
            41.77133327573167
        ],
        [
            34.781886291109046,
            40.67926188139373
        ],
        [
            32.55452877738835,
            38.39211533395961
        ],
        [
            32.78038925685222,
            38.862892362950944
        ],
        [
            32.58175221719147,
            38.863885035583635
        ],
        [
            28.76002875329078,
            33.500185037107634
        ],
        [
            26.902799361039172,
            33.35913346193043
        ],
        [
            25.38434460206186,
            33.609206785245966
        ],
        [
            27.245678300719554,
            34.31170932707351
        ],
        [
            17.487140191586786,
            20.92123883633762
        ]
    ],
    "all_K_micmec": [
        27.361284177983674,
        26.80131573403711,
        25.554181505735603,
        25.706996297725585,
        25.76238650482118,
        22.66247953477915,
        21.596712629698047,
        22.581522044232116,
        22.80086237046668,
        13.963636293143251
    ],
    "all_E_micmec": [
        [
            35.88832458384789,
            41.791793257031614
        ],
        [
            35.16706745814992,
            40.92715157486018
        ],
        [
            33.55755163604372,
            38.97346921399359
        ],
        [
            33.62633456256127,
            39.27699887156033
        ],
        [
            33.76784163616264,
            39.45041763138757
        ],
        [
            30.01383108386754,
            34.39899371542962
        ],
        [
            27.325808425338504,
            33.40793669452827
        ],
        [
            29.428699464616862,
            34.83800565023634
        ],
        [
            29.682407812619296,
            34.80401358899877
        ],
        [
            17.49302545799279,
            20.933275836383903
        ]
    ],
    "K_fcu": 27.361199278749957,
    "K_reo": 13.963590248949941,
    "C_micmec_conf0": [
        [
            46.03256433823031,
            18.024239890513346,
            18.02643717704206,
            -0.0002737439953151448,
            0.000157440810518828,
            -0.00028486056981812347
        ],
        [
            18.02597415149243,
            46.03242230307116,
            18.026448295880133,
            -0.0004956096646822726,
            0.0001613470264808696,
            -0.00027224124022335824
        ],
        [
            18.025951932163768,
            18.024297838499756,
            46.03322167496012,
            -0.00047955367850773575,
            0.0001203571966182433,
            -0.0004210881157182437
        ],
        [
            0.0008051915427465192,
            -9.090276922105888e-05,
            -0.00010900013234410552,
            16.778003991097734,
            -0.0002510212439203131,
            -0.00028556993187038273
        ],
        [
            -6.985387581658113e-05,
            -0.00011807426302585134,
            -0.00010379919623127008,
            -0.00030645528530142714,
            16.778247788982974,
            -0.0002747074888592814
        ],
        [
            -6.82546105490607e-05,
            -7.1788160793215364e-06,
            0.0005975370062306256,
            -0.0003318221378639616,
            -0.00023460058043118332,
            16.778173884978386
        ]
    ],
    "C_micmec_conf2": [
        [
            43.341592947609314,
            16.83069000311228,
            16.832527186198764,
            -0.00026312665250151503,
            0.0001573219073753127,
            -0.0002778337855936887
        ],
        [
            16.83207316381167,
            42.9412776878346,
            16.71864028648427,
            -0.0004646912700854829,
            0.00017909711596889881,
            -0.00025802517025782693
        ],
        [
            16.832066168993766,
            16.716903591981815,
            42.94186251559396,
            -0.0004347601225495958,
            0.00011830925689223182,
            -0.0004161842803235032
        ],
        [
            0.000634809823160088,
            -0.0003482709878044774,
            -8.6069357998948e-05,
            15.534580236649889,
            -0.00026469677084545607,
            -0.00027846749131694743
        ],
        [
            5.234501655088717e-05,
            0.00023153812964306873,
            -7.94606618800435e-05,
            -0.00028640117541035945,
            15.693063350121149,
            -0.0002568656209701832
        ],
        [
            -0.00010900144853319393,
            -8.039230050764679e-05,
            0.0007869088570705772,
            -0.00032083138347641706,
            -0.0002639883377968472,
            15.693035120592409
        ]
    ],
    "C_micmec_conf6": [
        [
            37.81746137881136,
            14.631730586227906,
            13.737580936238762,
            -0.00022074542638885847,
            0.00015315283442918462,
            -0.0002637229552203145
        ],
        [
            14.632443305108584,
            37.81781336308276,
            13.737554487975324,
            -0.00036466248145446465,
            0.00022110380344020038,
            -0.0002317859224349545
        ],
        [
            13.7372237961882,
            13.736827472508955,
            34.52177834114056,
            -0.0002900797983692929,
            0.0001115536914750558,
            -0.0004032984642356287
        ],
        [
            0.0003123290835906554,
            -0.0008002911453287687,
            3.414598531316599e-05,
            12.570571425452833,
            -0.0003294591067724887,
            -0.00025763903538451714
        ],
        [
            0.0003002702001884941,
            0.0009704568586344487,
            -8.5935568354167e-05,
            -0.00024440981760030393,
            12.570472267596701,
            -0.00021500140166334067
        ],
        [
            -0.00010986468460248258,
            -0.00011448702796757822,
            0.0012498190022374306,
            -0.0002911668088987314,
            -0.0003316652611433568,
            13.974878534313245
        ]
    ],
    "C_atomic_conf0": [
        [
            46.05591339813734,
            17.95502948403153,
            17.95510439228244,
            -0.0005960417776860874,
            0.0005048821752132115,
            0.00042436766148245213
        ],
        [
            17.938773337977047,
            46.03182061909015,
            17.95507899206735,
            0.00047961503663140437,
            -0.0005854167435937984,
            0.0005296988048669946
        ],
        [
            17.93874442828486,
            17.955061690435766,
            46.03175579479695,
            0.0005022657868108991,
            0.0004886980627470167,
            -0.0006210856333279262
        ],
        [
            -0.014375374429712097,
            3.2687454758252825e-06,
            1.8118070192567292e-06,
            16.77355310729766,
            -0.00015410544324008144,
            -0.00013975123146508576
        ],
        [
            4.5825918072565735e-06,
            0.0029671631677077475,
            3.477569934566906e-06,
            -0.00015463695931037358,
            16.773547040458162,
            -0.0001398186729993864
        ],
        [
            -1.0118589374369747e-05,
            -9.690036688684235e-06,
            0.002949849779579472,
            -0.00013501614707077904,
            -0.00014048663717741464,
            16.77353592251594
        ]
    ],